Attribute,Group,Outcome,Count,Actual positives,Actual negatives,Predicted positives,TP,FN,FP,TN,Observed outcome rate,Selection rate,Selection low,Selection high,TPR,TPR low,TPR high,FPR,FPR low,FPR high,FNR,Precision,Group accuracy,Group macro F1,Small group,Sparse outcome support
Gender,0,Dropout,571,134,437,110,94,40,16,421,0.23467600700525393,0.19264448336252188,0.16239331463411205,0.227003694907299,0.7014925373134329,0.6192776310875563,0.772476382214669,0.036613272311212815,0.022660195809626152,0.058642476170513644,0.29850746268656714,0.8545454545454545,0.7793345008756567,0.7260098395029039,False,False
Gender,0,Enrolled,571,96,475,126,61,35,65,410,0.1681260945709282,0.22066549912434325,0.18858000781131457,0.25648451083173424,0.6354166666666666,0.5356504026503102,0.7247620907392187,0.1368421052631579,0.10883474536960663,0.17067647504232086,0.3645833333333333,0.48412698412698413,0.7793345008756567,0.7260098395029039,False,False
Gender,0,Graduate,571,341,230,335,290,51,45,185,0.5971978984238179,0.5866900175131349,0.545851097781692,0.6263702585014997,0.8504398826979472,0.8086917308680927,0.8843801026925914,0.1956521739130435,0.14956051520125518,0.25174361545813134,0.1495601173020528,0.8656716417910447,0.7793345008756567,0.7260098395029039,False,False
Gender,1,Dropout,314,150,164,132,114,36,18,146,0.47770700636942676,0.42038216560509556,0.36706794994910896,0.47562098693014165,0.76,0.6857071477257108,0.8213078599185155,0.10975609756097561,0.07056134422160837,0.16681484856969012,0.24,0.8636363636363636,0.7292993630573248,0.6953994892366132,False,False
Gender,1,Enrolled,314,63,251,80,35,28,45,206,0.20063694267515925,0.25477707006369427,0.20974511816988428,0.3057368074182074,0.5555555555555556,0.43319420640871287,0.6715309946636732,0.17928286852589642,0.1367736800996006,0.23146133333619642,0.4444444444444444,0.4375,0.7292993630573248,0.6953994892366132,False,False
Gender,1,Graduate,314,101,213,102,80,21,22,191,0.321656050955414,0.3248407643312102,0.2754283325478962,0.37848732858645495,0.7920792079207921,0.7029607096328665,0.8597930064492993,0.10328638497652583,0.06920213731653324,0.15142711463512182,0.2079207920792079,0.7843137254901961,0.7292993630573248,0.6953994892366132,False,False
Age group,20–24,Dropout,274,79,195,62,54,25,8,187,0.28832116788321166,0.22627737226277372,0.1807160445892836,0.2794079973108495,0.6835443037974683,0.5745170514704335,0.7755486160202957,0.041025641025641026,0.02093225443924931,0.07885370584270375,0.31645569620253167,0.8709677419354839,0.7408759124087592,0.7216146937395971,False,False
Age group,20–24,Enrolled,274,63,211,86,43,20,43,168,0.22992700729927007,0.31386861313868614,0.2618138984197941,0.37107045007229633,0.6825396825396826,0.559962360918752,0.7841347283190879,0.2037914691943128,0.15496363704958327,0.26321235866074466,0.31746031746031744,0.5,0.7408759124087592,0.7216146937395971,False,False
Age group,20–24,Graduate,274,132,142,126,106,26,20,122,0.48175182481751827,0.45985401459854014,0.40180304201967143,0.5190151507923481,0.803030303030303,0.7270324134183684,0.8618888007016065,0.14084507042253522,0.09306085211498924,0.20755022181727698,0.19696969696969696,0.8412698412698413,0.7408759124087592,0.7216146937395971,False,False
Age group,25–34,Dropout,154,91,63,87,79,12,8,55,0.5909090909090909,0.564935064935065,0.48599539739112657,0.6407139111815183,0.8681318681318682,0.7835113710706528,0.9229296843311962,0.12698412698412698,0.06577246340780174,0.2310726151061776,0.13186813186813187,0.9080459770114943,0.8116883116883117,0.738969580707043,False,False
Age group,25–34,Enrolled,154,23,131,25,12,11,13,118,0.14935064935064934,0.16233766233766234,0.11244242622704335,0.2286691691952027,0.5217391304347826,0.3296242986421849,0.7076313046005427,0.09923664122137404,0.05891432592747981,0.16239423166898892,0.4782608695652174,0.48,0.8116883116883117,0.738969580707043,False,False
Age group,25–34,Graduate,154,40,114,42,34,6,8,106,0.2597402597402597,0.2727272727272727,0.20855911916901462,0.34795830082672785,0.85,0.7092737396097997,0.9293890829149256,0.07017543859649122,0.03598491232451978,0.13239026248641286,0.15,0.8095238095238095,0.8116883116883117,0.738969580707043,False,False
Age group,35+,Dropout,81,39,42,37,34,5,3,39,0.48148148148148145,0.4567901234567901,0.352731535009501,0.564761770161547,0.8717948717948718,0.7329395096236953,0.9439726505197168,0.07142857142857142,0.024589963551172864,0.19009713288525165,0.1282051282051282,0.918918918918919,0.7901234567901234,0.6918964076858813,False,False
Age group,35+,Enrolled,81,10,71,11,4,6,7,64,0.12345679012345678,0.13580246913580246,0.07755383801327821,0.2270325912855563,0.4,0.16817758120350967,0.6873304525498135,0.09859154929577464,0.048582206325328975,0.18980927648636933,0.6,0.36363636363636365,0.7901234567901234,0.6918964076858813,False,False
Age group,35+,Graduate,81,32,49,33,26,6,7,42,0.3950617283950617,0.4074074074074074,0.30696108658374566,0.5162388530685003,0.8125,0.6469050424507756,0.9111057606383721,0.14285714285714285,0.07096333720544586,0.2666797318916292,0.1875,0.7878787878787878,0.7901234567901234,0.6918964076858813,False,False
Age group,Under 20,Dropout,376,75,301,56,41,34,15,286,0.19946808510638298,0.14893617021276595,0.11650674158164295,0.18846669997926033,0.5466666666666666,0.4344817369914825,0.6543038787240788,0.04983388704318937,0.030429158630726982,0.08058456128151596,0.4533333333333333,0.7321428571428571,0.75,0.6633716842294621,False,False
Age group,Under 20,Enrolled,376,63,313,84,37,26,47,266,0.1675531914893617,0.22340425531914893,0.18421954424631973,0.2681837733471192,0.5873015873015873,0.46415095351811103,0.7004172195956385,0.1501597444089457,0.11483829052341696,0.19396459394629914,0.4126984126984127,0.44047619047619047,0.75,0.6633716842294621,False,False
Age group,Under 20,Graduate,376,238,138,236,204,34,32,106,0.6329787234042553,0.6276595744680851,0.5777344557361381,0.6750024746053516,0.8571428571428571,0.8070033389455079,0.895936105715791,0.2318840579710145,0.16931213470916084,0.3089791423209911,0.14285714285714285,0.864406779661017,0.75,0.6633716842294621,False,False
Scholarship holder,0,Dropout,652,256,396,217,191,65,26,370,0.39263803680981596,0.3328220858895706,0.2977232436074464,0.3698794214263057,0.74609375,0.6894086206103858,0.7955021865890772,0.06565656565656566,0.045196079171672135,0.09446322591314145,0.25390625,0.880184331797235,0.7361963190184049,0.7082468840887169,False,False
Scholarship holder,0,Enrolled,652,125,527,177,79,46,98,429,0.19171779141104295,0.2714723926380368,0.23874837615652594,0.30687361549511677,0.632,0.5446970725427289,0.7114313828629786,0.1859582542694497,0.15505475940002186,0.22140707026818798,0.368,0.4463276836158192,0.7361963190184049,0.7082468840887169,False,False
Scholarship holder,0,Graduate,652,271,381,258,210,61,48,333,0.4156441717791411,0.39570552147239263,0.3588859981373868,0.43374685711302724,0.7749077490774908,0.7215394574055874,0.8205909915511936,0.12598425196850394,0.09635446318770538,0.16308110718722288,0.22509225092250923,0.813953488372093,0.7361963190184049,0.7082468840887169,False,False
Scholarship holder,1,Dropout,233,28,205,25,17,11,8,197,0.12017167381974249,0.1072961373390558,0.07373845588384957,0.15359322909041173,0.6071428571428571,0.42408726034906297,0.7643454817241996,0.03902439024390244,0.019904392827067848,0.0751034983210559,0.39285714285714285,0.68,0.8326180257510729,0.698492562643506,False,False
Scholarship holder,1,Enrolled,233,34,199,29,17,17,12,187,0.1459227467811159,0.12446351931330472,0.08807361505952976,0.17303591975192228,0.5,0.34069062628048985,0.6593093737195102,0.06030150753768844,0.0348276786628272,0.10243016193791744,0.5,0.5862068965517241,0.8326180257510729,0.698492562643506,False,False
Scholarship holder,1,Graduate,233,171,62,179,160,11,19,43,0.7339055793991416,0.7682403433476395,0.7099739948729236,0.817804908833182,0.935672514619883,0.888495316776368,0.9637046173354223,0.3064516129032258,0.20581430019850633,0.4296745093079456,0.06432748538011696,0.8938547486033519,0.8326180257510729,0.698492562643506,False,False
Debtor,0,Dropout,767,212,555,178,149,63,29,526,0.27640156453715775,0.2320730117340287,0.20357634139704886,0.263240187446231,0.7028301886792453,0.6381434093780791,0.7602969283510705,0.05225225225225225,0.03662459813869352,0.07403573924492286,0.2971698113207547,0.8370786516853933,0.7614080834419817,0.7155976693533775,False,False
Debtor,0,Enrolled,767,140,627,183,86,54,97,530,0.18252933507170796,0.23859191655801826,0.20977732899620777,0.2700120336951675,0.6142857142857143,0.5316264521252486,0.6908404837264105,0.1547049441786284,0.1285097508580659,0.18510558459222778,0.38571428571428573,0.46994535519125685,0.7614080834419817,0.7155976693533775,False,False
Debtor,0,Graduate,767,415,352,406,349,66,57,295,0.5410691003911343,0.529335071707953,0.4939519114907679,0.5644258408256612,0.8409638554216867,0.8026730439213593,0.8730000506327634,0.16193181818181818,0.12713131914206627,0.20403176016063468,0.15903614457831325,0.8596059113300493,0.7614080834419817,0.7155976693533775,False,False
Debtor,1,Dropout,118,72,46,64,59,13,5,41,0.6101694915254238,0.5423728813559322,0.4525634999361512,0.6295102745382484,0.8194444444444444,0.7151944298987886,0.8913328585550414,0.10869565217391304,0.04733076082742689,0.23038103012631456,0.18055555555555555,0.921875,0.7627118644067796,0.6893251553494961,False,False
Debtor,1,Enrolled,118,19,99,23,10,9,13,86,0.16101694915254236,0.19491525423728814,0.13353979782234554,0.27552902596197765,0.5263157894736842,0.31707482511825114,0.7267049451255145,0.13131313131313133,0.07837166925941867,0.2117988453961293,0.47368421052631576,0.43478260869565216,0.7627118644067796,0.6893251553494961,False,False
Debtor,1,Graduate,118,27,91,31,21,6,10,81,0.2288135593220339,0.2627118644067797,0.19168832306387246,0.34869853987949,0.7777777777777778,0.5924270453692919,0.8939290451059105,0.10989010989010989,0.06079407536219415,0.19058928383883156,0.2222222222222222,0.6774193548387096,0.7627118644067796,0.6893251553494961,False,False
Tuition fees up to date,0,Dropout,110,95,15,100,93,2,7,8,0.8636363636363636,0.9090909090909091,0.8407019514690314,0.9498702119580463,0.9789473684210527,0.9264573686165072,0.9942076145484762,0.4666666666666667,0.24809225259746442,0.6988336984894921,0.021052631578947368,0.93,0.9090909090909091,0.6902430902430904,False,False
Tuition fees up to date,0,Enrolled,110,7,103,4,3,4,1,102,0.06363636363636363,0.03636363636363636,0.014230080586686157,0.08978813419595918,0.42857142857142855,0.15821692226262685,0.7495457695909742,0.009708737864077669,0.0017158473082714565,0.05295948514650271,0.5714285714285714,0.75,0.9090909090909091,0.6902430902430904,False,True
Tuition fees up to date,0,Graduate,110,8,102,6,4,4,2,100,0.07272727272727272,0.05454545454545454,0.025235483062071407,0.11391927231733298,0.5,0.21521252682444186,0.7847874731755582,0.0196078431372549,0.005393639125345434,0.06869443210562613,0.5,0.6666666666666666,0.9090909090909091,0.6902430902430904,False,True
Tuition fees up to date,1,Dropout,775,189,586,142,115,74,27,559,0.24387096774193548,0.1832258064516129,0.15757425336401604,0.2120023075181967,0.6084656084656085,0.5373805897015217,0.6752291376602094,0.04607508532423208,0.0318559675901751,0.06620696998492981,0.3915343915343915,0.8098591549295775,0.7406451612903225,0.6888435172394672,False,False
Tuition fees up to date,1,Enrolled,775,152,623,202,93,59,109,514,0.19612903225806452,0.26064516129032256,0.2309725134981571,0.29267902232119297,0.6118421052631579,0.5325219333033981,0.6856483113552809,0.17495987158908508,0.14714230646406518,0.20676145486894137,0.3881578947368421,0.4603960396039604,0.7406451612903225,0.6888435172394672,False,False
Tuition fees up to date,1,Graduate,775,434,341,431,366,68,65,276,0.56,0.5561290322580645,0.5209573293321732,0.5907470274972515,0.8433179723502304,0.806123852780953,0.8744875829528832,0.1906158357771261,0.15246191461201158,0.23566295199340953,0.15668202764976957,0.8491879350348028,0.7406451612903225,0.6888435172394672,False,False
Gender × Age,Gender 0 / 20–24,Dropout,168,31,137,24,20,11,4,133,0.18452380952380953,0.14285714285714285,0.09791534368002103,0.20376713599893914,0.6451612903225806,0.469476380428149,0.7888355225843418,0.029197080291970802,0.011411340550450556,0.07266609111746575,0.3548387096774194,0.8333333333333334,0.7916666666666666,0.7476481230212574,False,False
Gender × Age,Gender 0 / 20–24,Enrolled,168,34,134,46,26,8,20,114,0.20238095238095238,0.27380952380952384,0.21200294886364407,0.3457292882663641,0.7647058823529411,0.6000353719173557,0.8756316189075566,0.14925373134328357,0.09874323684475009,0.21931459185137644,0.23529411764705882,0.5652173913043478,0.7916666666666666,0.7476481230212574,False,False
Gender × Age,Gender 0 / 20–24,Graduate,168,103,65,98,87,16,11,54,0.6130952380952381,0.5833333333333334,0.5077337368021919,0.6552070179393841,0.8446601941747572,0.7624725635913214,0.9020625987424511,0.16923076923076924,0.09721118666132769,0.27816649195160403,0.1553398058252427,0.8877551020408163,0.7916666666666666,0.7476481230212574,False,False
Gender × Age,Gender 0 / 25–34,Dropout,87,43,44,39,36,7,3,41,0.4942528735632184,0.4482758620689655,0.348170047270701,0.552756400524142,0.8372093023255814,0.7002730466408176,0.9188347549714246,0.06818181818181818,0.023458970172840127,0.1822532133661719,0.16279069767441862,0.9230769230769231,0.7931034482758621,0.7521649652586752,False,False
Gender × Age,Gender 0 / 25–34,Enrolled,87,16,71,19,10,6,9,62,0.1839080459770115,0.21839080459770116,0.14450701870548616,0.31609253039976964,0.625,0.3864064709793481,0.815190174452472,0.1267605633802817,0.0681445057945265,0.22369318874968427,0.375,0.5263157894736842,0.7931034482758621,0.7521649652586752,False,False
Gender × Age,Gender 0 / 25–34,Graduate,87,28,59,29,23,5,6,53,0.3218390804597701,0.3333333333333333,0.2431846311443509,0.4375783673056985,0.8214285714285714,0.644082084514089,0.9212161417056989,0.1016949152542373,0.047447326513182495,0.2046404624673654,0.17857142857142858,0.7931034482758621,0.7931034482758621,0.7521649652586752,False,False
Gender × Age,Gender 0 / 35+,Dropout,45,16,29,15,13,3,2,27,0.35555555555555557,0.3333333333333333,0.21358692207276764,0.479297831907446,0.8125,0.5699064013154177,0.9340852122641324,0.06896551724137931,0.019120864097994433,0.21964947595851925,0.1875,0.8666666666666667,0.7111111111111111,0.6511852052649016,False,False
Gender × Age,Gender 0 / 35+,Enrolled,45,8,37,9,3,5,6,31,0.17777777777777778,0.2,0.10896004402509006,0.3382325131392944,0.375,0.13684175946152105,0.6942621454161981,0.16216216216216217,0.07651103235297099,0.31136799295455864,0.625,0.3333333333333333,0.7111111111111111,0.6511852052649016,False,True
Gender × Age,Gender 0 / 35+,Graduate,45,21,24,21,16,5,5,19,0.4666666666666667,0.4666666666666667,0.3293490394201473,0.6092279113758954,0.7619047619047619,0.5490841802765406,0.8937214361088773,0.20833333333333334,0.0924468910478809,0.40470844485235474,0.23809523809523808,0.7619047619047619,0.7111111111111111,0.6511852052649016,False,False
Gender × Age,Gender 0 / Under 20,Dropout,271,44,227,32,25,19,7,220,0.16236162361623616,0.11808118081180811,0.08489560547313352,0.1619433010097279,0.5681818181818182,0.42223890740554393,0.7031749583514542,0.030837004405286344,0.015015980593992395,0.06227338146206682,0.4318181818181818,0.78125,0.7785977859778598,0.6730413504209697,False,False
Gender × Age,Gender 0 / Under 20,Enrolled,271,38,233,52,22,16,30,203,0.14022140221402213,0.1918819188191882,0.14943454737836562,0.24294273466336322,0.5789473684210527,0.42192070613127325,0.7214772518818047,0.12875536480686695,0.09169809784869817,0.17785589942205152,0.42105263157894735,0.4230769230769231,0.7785977859778598,0.6730413504209697,False,False
Gender × Age,Gender 0 / Under 20,Graduate,271,189,82,187,164,25,23,59,0.6974169741697417,0.6900369003690037,0.6326390102874181,0.7421223067766655,0.8677248677248677,0.8120241674472897,0.9087746643400425,0.2804878048780488,0.19477015056503783,0.3858527641988995,0.13227513227513227,0.8770053475935828,0.7785977859778598,0.6730413504209697,False,False
Gender × Age,Gender 1 / 20–24,Dropout,106,48,58,38,34,14,4,54,0.4528301886792453,0.3584905660377358,0.27361966173474206,0.4532597719224515,0.7083333333333334,0.5682047226383246,0.8175858393813663,0.06896551724137931,0.027143807598168326,0.16433894834605045,0.2916666666666667,0.8947368421052632,0.660377358490566,0.650039321424559,False,False
Gender × Age,Gender 1 / 20–24,Enrolled,106,29,77,40,17,12,23,54,0.27358490566037735,0.37735849056603776,0.29089613915715784,0.47239937001241006,0.5862068965517241,0.40737528478515245,0.7448706472035449,0.2987012987012987,0.2080375145120104,0.4084965471592084,0.41379310344827586,0.425,0.660377358490566,0.650039321424559,False,False
Gender × Age,Gender 1 / 20–24,Graduate,106,29,77,28,19,10,9,68,0.27358490566037735,0.2641509433962264,0.18953748624976913,0.3552615698455535,0.6551724137931034,0.47344776507155983,0.8005949125080951,0.11688311688311688,0.06272491064586315,0.2074528196316177,0.3448275862068966,0.6785714285714286,0.660377358490566,0.650039321424559,False,False
Gender × Age,Gender 1 / 25–34,Dropout,67,48,19,48,43,5,5,14,0.7164179104477612,0.7164179104477612,0.5990653510922904,0.8102986384279914,0.8958333333333334,0.7783231187385907,0.9546789490988218,0.2631578947368421,0.11806238339540162,0.48791968441070643,0.10416666666666667,0.8958333333333334,0.835820895522388,0.6945085470085469,False,False
Gender × Age,Gender 1 / 25–34,Enrolled,67,7,60,6,2,5,4,56,0.1044776119402985,0.08955223880597014,0.04169038288133413,0.18192963699399334,0.2857142857142857,0.0822171657090155,0.6410709098517873,0.06666666666666667,0.02622827414319792,0.15925579893767722,0.7142857142857143,0.3333333333333333,0.835820895522388,0.6945085470085469,False,True
Gender × Age,Gender 1 / 25–34,Graduate,67,12,55,13,11,1,2,53,0.1791044776119403,0.19402985074626866,0.11705063857457097,0.3041933762415822,0.9166666666666666,0.6461140782014047,0.9851352905492264,0.03636363636363636,0.010029330855724924,0.1232369297490173,0.08333333333333333,0.8461538461538461,0.835820895522388,0.6945085470085469,False,False
Gender × Age,Gender 1 / 35+,Dropout,36,23,13,22,21,2,1,12,0.6388888888888888,0.6111111111111112,0.4486417029674347,0.7521534458217705,0.9130434782608695,0.7320359570190598,0.9758205045927666,0.07692307692307693,0.013710066379696323,0.3331453392824736,0.08695652173913043,0.9545454545454546,0.8888888888888888,0.7676328502415459,False,False
Gender × Age,Gender 1 / 35+,Enrolled,36,2,34,2,1,1,1,33,0.05555555555555555,0.05555555555555555,0.015369663767066846,0.18144974107611211,0.5,0.09452865480086614,0.9054713451991339,0.029411764705882353,0.00521077192559663,0.1491590221634482,0.5,0.5,0.8888888888888888,0.7676328502415459,False,True
Gender × Age,Gender 1 / 35+,Graduate,36,11,25,12,10,1,2,23,0.3055555555555556,0.3333333333333333,0.20214424774586046,0.49666302907033155,0.9090909090909091,0.6226353745137962,0.9837682477371741,0.08,0.02221993369109193,0.24966512122957818,0.09090909090909091,0.8333333333333334,0.8888888888888888,0.7676328502415459,False,False
Gender × Age,Gender 1 / Under 20,Dropout,105,31,74,24,16,15,8,66,0.29523809523809524,0.22857142857142856,0.1586828389252159,0.3176203392713559,0.5161290322580645,0.34840118286973176,0.6803001396872117,0.10810810810810811,0.055806661696501225,0.1990904627202631,0.4838709677419355,0.6666666666666666,0.6761904761904762,0.641486833968037,False,False
Gender × Age,Gender 1 / Under 20,Enrolled,105,25,80,32,15,10,17,63,0.23809523809523808,0.3047619047619048,0.22490075875702692,0.39840503608612127,0.6,0.40739127785127344,0.7659694233580909,0.2125,0.13712274217035494,0.3142236061817758,0.4,0.46875,0.6761904761904762,0.641486833968037,False,False
Gender × Age,Gender 1 / Under 20,Graduate,105,49,56,49,40,9,9,47,0.4666666666666667,0.4666666666666667,0.37410951657470093,0.5615768386424218,0.8163265306122449,0.6864212843271743,0.9002377116154164,0.16071428571428573,0.08692569640589272,0.278064544496757,0.1836734693877551,0.8163265306122449,0.6761904761904762,0.641486833968037,False,False
